URL,Ignored (Yes/No),Landing page (Yes/No),Tag status
theamproject.com/blog/5-30-club-early-risers,No,No,Not tagged
theamproject.com/blog/beyond-gym-complete-physical-practice,No,No,Not tagged
theamproject.com/blog/silent-authority-leading-without-words,No,No,Not tagged
theamproject.com/sw.js,No,No,Not tagged
bb1b08ff-fa1f-49e8-b1ce-157412ee683e-00-3d18d9scwpokx.worf.replit.dev/__replco/workspace_iframe.html,No,No,Not tagged
theamproject.com/,No,Yes,Tagged
bb1b08ff-fa1f-49e8-b1ce-157412ee683e-00-3d18d9scwpokx.worf.replit.dev/,No,No,Tagged
bb1b08ff-fa1f-49e8-b1ce-157412ee683e-00-3d18d9scwpokx.worf.replit.dev/blog/mens-mental-health-breaking-silence,No,No,Tagged
bb1b08ff-fa1f-49e8-b1ce-157412ee683e-00-3d18d9scwpokx.worf.replit.dev/blog/5-30-club-early-risers,No,No,Tagged
bb1b08ff-fa1f-49e8-b1ce-157412ee683e-00-3d18d9scwpokx.worf.replit.dev/blog,No,No,Tagged
theamproject.com/onboarding,No,No,Tagged
theamproject.com/settings,No,No,Tagged
theamproject.com/auth,No,No,Tagged
theamproject.com/onboard,No,No,Tagged
theamproject.com/dashboard,No,No,Tagged
bb1b08ff-fa1f-49e8-b1ce-157412ee683e-00-3d18d9scwpokx.worf.replit.dev/auth,No,No,Tagged
theamproject.com/pod,No,No,Tagged
theamproject.com/community,No,No,Tagged
bb1b08ff-fa1f-49e8-b1ce-157412ee683e-00-3d18d9scwpokx.worf.replit.dev/settings,No,No,Tagged
theamproject.com/learning/lessons/2,No,No,Tagged
theamproject.com/learning/courses/1,No,No,Tagged
theamproject.com/journal/pinned,No,No,Tagged
theamproject.com/learning,No,No,Tagged
theamproject.com/journal,No,No,Tagged
theamproject.com/challenges,No,No,Tagged
bb1b08ff-fa1f-49e8-b1ce-157412ee683e-00-3d18d9scwpokx.worf.replit.dev/weekly-reflections,No,No,Tagged
bb1b08ff-fa1f-49e8-b1ce-157412ee683e-00-3d18d9scwpokx.worf.replit.dev/dashboard,No,No,Tagged
bb1b08ff-fa1f-49e8-b1ce-157412ee683e-00-3d18d9scwpokx.worf.replit.dev/learning/courses/1,No,No,Tagged
bb1b08ff-fa1f-49e8-b1ce-157412ee683e-00-3d18d9scwpokx.worf.replit.dev/learning/lessons/2,No,No,Tagged
bb1b08ff-fa1f-49e8-b1ce-157412ee683e-00-3d18d9scwpokx.worf.replit.dev/learning,No,No,Tagged
bb1b08ff-fa1f-49e8-b1ce-157412ee683e-00-3d18d9scwpokx.worf.replit.dev/journal,No,No,Tagged
bb1b08ff-fa1f-49e8-b1ce-157412ee683e-00-3d18d9scwpokx.worf.replit.dev/pod,No,No,Tagged
bb1b08ff-fa1f-49e8-b1ce-157412ee683e-00-3d18d9scwpokx.worf.replit.dev/challenges,No,No,Tagged
bb1b08ff-fa1f-49e8-b1ce-157412ee683e-00-3d18d9scwpokx.worf.replit.dev/community,No,No,Tagged
bb1b08ff-fa1f-49e8-b1ce-157412ee683e-00-3d18d9scwpokx.worf.replit.dev/journal/pinned,No,No,Tagged
theamproject.com/blog,No,No,Tagged
theamproject.com/weekly-reflections,No,No,Tagged
bb1b08ff-fa1f-49e8-b1ce-157412ee683e-00-3d18d9scwpokx.worf.replit.dev/contact,No,No,Tagged
bb1b08ff-fa1f-49e8-b1ce-157412ee683e-00-3d18d9scwpokx.worf.replit.dev/join%23newsletter,No,No,Tagged
bb1b08ff-fa1f-49e8-b1ce-157412ee683e-00-3d18d9scwpokx.worf.replit.dev/standard,No,No,Tagged
bb1b08ff-fa1f-49e8-b1ce-157412ee683e-00-3d18d9scwpokx.worf.replit.dev/join,No,No,Tagged
bb1b08ff-fa1f-49e8-b1ce-157412ee683e-00-3d18d9scwpokx.worf.replit.dev/about,No,No,Tagged
bb1b08ff-fa1f-49e8-b1ce-157412ee683e-00-3d18d9scwpokx.worf.replit.dev/app,No,No,Tagged
theamproject.com/contact,No,No,Tagged
theamproject.com/join,No,No,Tagged
theamproject.com/standard,No,No,Tagged
bb1b08ff-fa1f-49e8-b1ce-157412ee683e-00-3d18d9scwpokx.worf.replit.dev/home,No,No,Tagged
